{
  "SECRET_KEY": "XXX",
  "TOOL_NAME": "Feng Dashboard",
   "PROD": {
    "BASE_LINK": "/<folder>/app.wsgi",
    "DEBUG": false,
    "COMMAND_PREFIX": "/var2/venvs/rrd_flask/bin/",
    "PYTHON": "python3.6",
    "SWAG": false,
    "DB_SUFFIX": "",
    "AUTH_MODE": "LDAP",
    "REDIRECT_URL": "",
    "POPULATE_DB": false
  },
  "DEV": {
    "BASE_LINK": "/<folder>/dev.wsgi",
    "DEBUG": false,
    "COMMAND_PREFIX": "/var2/venvs/rrd_flask/bin/",
    "PYTHON": "python3.6",
    "SWAG": true,
    "DB_SUFFIX": "_dev",
    "AUTH_MODE": "LDAP",
    "REDIRECT_URL": "",
    "POPULATE_DB": true
  },
  "LOCAL": {
    "BASE_LINK": "",
    "DEBUG": true,
    "COMMAND_PREFIX": "",
    "PYTHON": "python",
    "SWAG": true,
    "DB_SUFFIX": "_dev",
    "AUTH_MODE": "NONE",
    "REDIRECT_URL": "http://localhost:4000",
    "POPULATE_DB": true
  },
  "TESTING": {
    "BASE_LINK": "",
    "DEBUG": true,
    "COMMAND_PREFIX": "",
    "PYTHON": "python",
    "SWAG": true,
    "DB_SUFFIX": "_test",
    "AUTH_MODE": "NONE",
    "REDIRECT_URL": "http://localhost:4000",
    "POPULATE_DB": false
  }
}
